review_id,fields,review_text,enricher_topic,enricher_intent,enricher_severity,verifier_topic,verifier_intent,verifier_severity,enricher_confidences
073965b7-b582-4fd1-ab52-e3cb41b2ab49,severity,It will allow maybe 2 songs on my Playlist before going to music I didn't put on the list. And it will revert back to that music regardless of my attempts to return to my Playlist. Hate this app.,usability,complaint,3,usability,complaint,4,"{""topic"": 0.98, ""intent"": 1.0, ""severity"": 0.51, ""sentiment"": 0.71}"
126a881a-2462-458b-a8eb-064b4cd0f7d4,topic,"Hey, Spotify has Activision bought you or something like that because one night I remember that I was able to choose which song I wanerd to play and an update later I cannot even choose a song of my choice first . I feel betrayed you money hungry app.",billing,complaint,3,usability,complaint,3,"{""topic"": 0.68, ""intent"": 1.0, ""severity"": 0.74, ""sentiment"": 0.92, ""quote"": 1.0}"
14ec9972-a341-4535-9d64-8f288b0e1bf5,severity,"I really do hate the new update, can't even use app properly. This new update is the worst. Hope you remove it soon.",usability,complaint,3,usability,complaint,4,"{""topic"": 0.54, ""intent"": 0.96, ""severity"": 0.52, ""sentiment"": 0.77}"
26d8de64-257c-4e88-b048-0fcf1c838e18,topic,It just keeps getting buggier and buggier it's barely usable and I've tried on several devices it's just bad,usability,complaint,3,playback,complaint,3,"{""topic"": 0.51, ""intent"": 1.0, ""severity"": 0.7, ""sentiment"": 0.67}"
2848c90b-6da8-4f95-b2f3-ae41fad1b15f,severity,This app is so broken all it does is glitch,playback,complaint,3,playback,complaint,4,"{""topic"": 0.94, ""intent"": 1.0, ""severity"": 0.35, ""sentiment"": 0.75}"
2db7bfe9-6b7e-4fce-95b2-482dc44510af,topic,Rectanly not delete why,usability,complaint,3,other,complaint,3,"{""topic"": 0.71, ""intent"": 0.59, ""severity"": 0.36, ""sentiment"": 0.91}"
3cb90f46-5856-4443-953b-863429355058,intent,"It's really cool; however, the playback and shuffle options only work in Premium, which I'm a little disappointed about, and also many good old Bollywood songs were removed...so kindly do look into the matter and please come back with a good upgrade like it was before",billing,request,3,billing,complaint,3,"{""topic"": 0.78, ""intent"": 0.4, ""severity"": 0.9, ""sentiment"": 0.76, ""quote"": 1.0}"
3d968fdc-c0eb-408c-b3fd-9259f722bf04,severity,"I hate this app and swedon,I love islam",other,complaint,2,other,complaint,1,"{""topic"": 1.0, ""intent"": 0.47, ""severity"": 0.41, ""sentiment"": 0.57}"
43f6f40c-2588-440f-a642-1b060b44ea77,intent,Ads after every two songs but is good,usability,praise,2,usability,complaint,2,"{""topic"": 0.86, ""intent"": 0.51, ""severity"": 0.84, ""sentiment"": 0.68}"
4799d5ef-abf1-4a61-a5eb-9f60c86a565c,intent,Bro All Is Good but now my spotify is not working it only Show black screen only can anyone help me to. Solve this problem 🙏🙏,playback,complaint,4,playback,request,4,"{""topic"": 0.98, ""intent"": 0.57, ""severity"": 0.99, ""sentiment"": 0.87}"
4f197bef-375d-4176-9247-5f528dccb2d3,intent,Kimochi ☺️,other,praise,1,other,unclear,1,"{""topic"": 1.0, ""intent"": 0.39, ""severity"": 1.0, ""sentiment"": 0.72}"
52f5a478-d31b-4afc-83e3-e463a9ca3d36,topic,This is my always go to app when I want to hear music. It might have commercials(free version) but it's only 3 short ones. Love that you can make your own library too which helps alot for the gym.,usability,praise,1,other,praise,1,"{""topic"": 0.35, ""intent"": 0.99, ""severity"": 0.8, ""sentiment"": 0.85}"
5547d2e4-3526-42ac-b5b0-b30df5fa4548,severity,Ghatiya,other,complaint,2,other,complaint,1,"{""topic"": 1.0, ""intent"": 0.87, ""severity"": 0.91, ""sentiment"": 0.72}"
688a6b52-e271-48c6-a084-35b7bdd486b7,intent,"It's really good, i wanted to create a playlist in a bottle but it won't let me, please fix this. I will give 4 stars only because of it.",usability,complaint,3,usability,request,3,"{""topic"": 0.99, ""intent"": 0.64, ""severity"": 0.79, ""sentiment"": 0.8}"
6fcffa7b-a928-4fc9-9b45-183980158dab,severity,I hate Switzerland apps,other,unclear,2,other,unclear,1,"{""topic"": 1.0, ""intent"": 0.46, ""severity"": 0.6, ""sentiment"": 0.73}"
75eea3c7-fbbd-4998-abf1-8e62c7c78cf7,severity,love this app just a little problem we have to pay some things but I still love it,billing,complaint,2,billing,complaint,3,"{""topic"": 0.94, ""intent"": 0.45, ""severity"": 0.4, ""sentiment"": 0.8}"
9666e9fe-0bc2-4e4c-8842-2162be0b6610,severity,I am Musalman I hate your app😡😡,other,complaint,2,other,complaint,1,"{""topic"": 1.0, ""intent"": 0.81, ""severity"": 0.89, ""sentiment"": 0.9}"
b2a8c2a5-ac36-486e-a578-189f45f7a582,severity,No use,other,complaint,2,other,complaint,1,"{""topic"": 1.0, ""intent"": 0.96, ""severity"": 0.85, ""sentiment"": 0.63}"
c1f22ce3-9a67-44bc-9126-9c1301cd9eec,topic,"Great music streaming service, been using it since 2015/16 and never had any problems, straightforward and user friendly!",usability,praise,1,other,praise,1,"{""topic"": 0.45, ""intent"": 1.0, ""severity"": 1.0, ""sentiment"": 0.82}"
c6b1b49a-f921-4481-b6d0-5b7f5c535439,severity,Spotify is a great app i like it but it should have downloading option for every song.....,downloads,request,1,downloads,request,3,"{""topic"": 0.98, ""intent"": 0.95, ""severity"": 0.6, ""sentiment"": 0.69}"
d00c6135-184e-43d6-ab9b-c529e1206537,severity,"Hm Spotify if you reading this your app Your becoming apple but as a music app pls put the old features freedom of control the music 🎵 pls just pls u will get again on lead "" * memory rebooted plays * """,usability,request,2,usability,request,3,"{""topic"": 0.86, ""intent"": 0.71, ""severity"": 0.47, ""sentiment"": 0.87}"
e56291cf-d655-4e2c-95ef-8111bfe24775,severity,🤢🤢,other,complaint,2,other,complaint,1,"{""topic"": 1.0, ""intent"": 0.85, ""severity"": 0.87, ""sentiment"": 0.79}"
