issue_id,topic,rule_key,name,description,name_source,members,example_review_ids
ISS-access-account,access,account,Account Access Problems,"Customers report being unable to access or create accounts, sometimes alongside logout or lost favorites.",model,13,32fb340f-4f9f-4551-8dae-755221e58d6a 7142ad2b-7178-4353-aa39-1393bfd2cda1 15ff50dc-b813-40d5-90d7-e7a7f2426613 c4cf5200-bc7b-442c-9036-348057f623b5
ISS-access-general,access,general,General Account Access Concerns,"Customers describe account access concerns including suspected hacking, privacy worries, and lost playlists or liked songs.",model,57,d87536c5-6fe0-4b38-b0b1-c47936e4a0d8 7a9422f5-7266-4f53-adf3-7cc65803e8bf 55123d02-711d-4e41-b644-06e2c3c4db18 74ae4c26-9e3f-475c-ba0e-ed683ca5b88c
ISS-access-login,access,login,Unable to Log In,"Customers report login failures, rejected passwords, or being locked out of their accounts.",model,90,91b3f409-7fcf-472b-a308-29361707085e 305c3fe1-109c-4f52-b7c4-5b95bb526035 de0a9cdf-8974-48bc-802f-331228df4619 1f13c3a2-e57b-460c-b569-964e6b2b1f31
ISS-billing-charges,billing,charges,Unexpected or Continued Charges,"Customers report being charged after cancellation, charged while the service does not work, or needing to pay for features.",model,11,ff7a2f97-2603-4e0e-95c9-29fa03a803a3 70c10706-cb1c-4623-9c21-bf303e1e6ebe ae7f1da6-8656-4abc-8d2d-3730923fa741 61e0ddbb-6ec4-4d3a-acd3-41eb5f64afb7
ISS-billing-general,billing,general,General Billing Problems,"Customers raise varied billing concerns, including plan approval, podcast ads, charges, and missing cashback offers.",model,236,e51bcefb-8071-4e36-9c57-87281443bd29 dc412619-bdf2-4feb-ada7-adff62293e3b 6985febf-75fa-47e9-9a86-c62f47a18554 3c4ac44e-0e23-4c9a-ac1d-d2d67753a065
ISS-billing-paywall,billing,paywall,Subscription and Premium Access Issues,"Customers report subscription promotions ending early, missing premium benefits, or difficulty accessing paid plans.",model,691,fe488940-abfd-4737-bf03-1c75fbd5903b 01bae9e0-2ad4-4ce4-98ee-aaac1fa9235a c46f202e-0e8b-402d-9f7f-cbd05b982c54 a551564e-db4a-489a-a210-1d994984150e
ISS-billing-price,billing,price,Pricing and Paid Features,"Customers object to premium prices, ads, and features that require payment.",model,20,1f53fc1d-8988-4866-9a27-60f943508eef 90c57abe-4a9d-4411-9333-21abdb8af61f a48afb08-2384-4ed0-8f36-268aad4c8f63 9c7696f7-c67b-4efc-9eb7-7eb0ae1cfd48
ISS-catalog-general,catalog,general,Missing or Unavailable Music,Customers report missing songs or music that is unavailable or inaccessible.,model,116,727555ed-3c7c-4d7c-9138-5b54a1e073d8 8d1bfaf3-2632-42a1-90d0-eb7fd381358a 3df77a78-ad9a-4456-8be8-8178ffd43d67 e518ac2e-dd3f-4c5c-b52e-e2a83bfdcc12
ISS-catalog-lyrics,catalog,lyrics,Missing Song Lyrics,Customers report that song lyrics are missing or no longer available.,model,52,20fa0140-0a87-4f71-8c86-d0a8ccd4e760 bf8292c1-d2e7-4b15-ae9f-511e8f006be5 4b5d97f1-c6b3-4afb-8edb-fd8577edbc6b 0335ab02-832f-45ce-b827-092ef2aa6c50
ISS-catalog-podcasts,catalog,podcasts,Podcast Access and Suggestions,"Customers report trouble finding, accessing, or following podcasts and frustration with unwanted suggestions.",model,8,d0dc4dba-818a-4f50-a286-694f60f02f76 42da37cb-8bbf-4208-b9d1-5cde1a2c9dc4 a8b31354-086f-4e9f-9e0b-1abf55fa4af2 738137ed-475a-4a5e-bad5-4dbd78c876dd
ISS-catalog-recommendations,catalog,recommendations,Poor Music Recommendations,"Customers say music recommendations are poor, unwanted, or continue despite disabling them.",model,5,ed8efdfe-43e3-4baa-bbed-317807663531 bacfe678-e23d-4486-bf1a-bbf1058cb32b 12440143-071f-4acb-a609-83d24d6dac27 6488ed85-a8c5-4750-b3a6-ed86096224a8
ISS-catalog-search,catalog,search,Music Search Problems,Customers report being unable to search for songs or get search results.,model,18,a7353811-9bcc-4c49-ab4d-f2b924368f5e ef730aa8-289b-4622-ba74-a5eae0e8215f 38005fc6-66a5-4872-adc4-7fb2341c1071 12aee9cc-9342-43f7-9027-cf2bce87e3d0
ISS-downloads-general,downloads,general,Download and Library Problems,"Customers report downloads failing, disappearing, repeatedly downloading, or being difficult to store.",model,13,d3249b88-8617-4fb1-b9aa-32a0f513af51 6529f5d1-5ff9-491d-bc79-6fc455c94fd5 b845ff5f-3b14-4f40-bbb3-637618843569 04ced327-f970-4e77-91f4-4df856b95a1f
ISS-downloads-offline,downloads,offline,Offline Listening and Downloads,Customers report missing downloads or being unable to listen offline.,model,61,a588c1c7-c7f7-4d81-848c-68fc202b8dad a405a67b-b1f3-4e53-a556-2ebb765c21fb dcff57c6-abd6-413b-b255-aec3dc34fcbd 394b1e3e-205a-48a7-a9ca-64170fa5f6a0
ISS-other-ads,other,ads,Objectionable or Excessive Ads,Customers complain about the amount or content of advertisements.,model,4,cc7b79ef-bf37-40fc-a02e-4917b86e422c ec0b9368-fab3-4220-869d-bd3a78b00d61 1a155c1b-a33a-4b63-9e20-8f84c5ae3821 3b486802-a9ce-4b85-99f5-357173c9c5ed
ISS-other-general,other,general,Other General Concerns,"Customers raise miscellaneous concerns about cost, personal information, harm, or removed content.",model,1182,08c07310-e802-4a88-bd97-2a5f240c0b44 21ddfe12-8433-4bad-b0f8-e7f605c056ae a841fa5f-b7e7-442a-8776-b6e042b051d1 01e2b320-1c22-492d-84b4-13644ff5cc9e
ISS-other-update,other,update,Problems After App Updates,Customers say recent app updates made the app unusable or caused other problems.,model,159,83e0e3fb-c641-483d-8b6a-16dff7c2ab24 e61eb77e-1113-463c-a756-3e97ab43dc81 eec69a7d-e5f4-4a4f-ba73-d5ab20381f54 21c1a889-0c42-48ad-ac5b-fd81febf8708
ISS-playback-audio,playback,audio,Audio Quality and Sound Problems,"Customers report poor audio quality, no sound, or difficulty changing sound quality.",model,7,f11035b1-51b7-4bca-be50-7c17deb6ff53 1c8c25c1-d4c6-45c5-a4db-a33e90c35f6b 71315e99-125e-491a-9fc9-87513df7c4ab 4cfc1765-21f5-4b6e-a239-5d8ce3f235c0
ISS-playback-crashes,playback,crashes,App Crashes During Playback,"Customers report that the app crashes on launch or while playing music, particularly after updates.",model,46,55cc3abf-c295-4591-8c3a-78085cfdefaa 4a806587-0dde-4fb4-b4f1-f5c7d197c927 89be32ab-664a-4647-a5e3-e4006a67e4e1 8cf70f3f-cbe6-4fd1-b97b-e160950e16be
ISS-playback-devices,playback,devices,Playback and Bluetooth Device Issues,Customers report music stopping or device connections behaving unpredictably during playback.,model,21,b0b81704-45ad-43f6-9e69-617ff33d5d7b 4f0e0a73-72bc-43d5-8067-de6c4338665b 8fb5427d-a06d-4f12-aaef-b5063048b978 ff45e76b-a878-41b2-a4b5-6ded625eceb8
ISS-playback-general,playback,general,General Playback Problems,"Customers describe varied playback failures, including volume changes, connectivity issues, and interrupted songs.",model,442,e5579b0b-f662-479b-9103-e13d263b9459 4ab2089a-ffa8-49e7-a8a3-aeb583a96796 46ff0c74-5e86-4e5b-b4cd-36201aab0f9e 6c257eba-3dca-49f6-b7f0-4c4484d81e26
ISS-playback-update,playback,update,Playback Problems After Updates,Customers report that updates prevent songs from playing or remove playback functions.,model,77,77a53aa5-a453-4bcb-8267-d4f44a492dd3 c64af4d8-ac17-48fe-ae38-fd54b41b16b1 cc39673b-e332-4f1d-a6c6-ce378a715dcb c3a26471-eedb-4ee6-876a-4e8e133d67b8
ISS-support-general,support,general,Support and Account Help Concerns,"Customers express dissatisfaction with support or describe account, subscription, and listening-history problems.",model,8,10800b01-920d-4c22-91f5-521c45caf4f0 45d07c5b-1110-422a-8c4d-7f128042697c cfe3f469-fc07-4add-a9d0-e6fac82aaca8 e3ab8023-f0d4-4ef3-beb1-6d0fc554bd05
ISS-usability-ads,usability,ads,Ads Disrupting App Use,Customers say frequent or loud ads interfere with using the app and listening to music.,model,391,ee11e1df-cb73-4c3a-b5e8-7268c7872b01 031cc9c5-33ba-46b2-af70-e6d6c2a2bc48 933b1cf2-8fa9-46aa-9a06-85fd89533a99 6e7cbce9-fa42-48cf-b4bb-2438933212bd
ISS-usability-controls,usability,controls,Playback Controls and Song Selection,"Customers report difficulty choosing, skipping, repeating, queuing, or seeking within songs.",model,141,e16a4550-43e7-4ae1-b538-a65cc652c31b 7f27bbab-ef19-4fb1-80d8-cd014da3e002 f9cf3b4a-c40e-4578-9f6f-358807450b0f 9186a112-b327-4464-a15e-fa1cf934e873
ISS-usability-general,usability,general,General Usability and Permissions,"Customers describe varied usability concerns involving permissions, unexpected playback, integrations, and app features.",model,365,91132204-877d-4ac1-9d08-20d03f1414f6 9dd4e856-cae6-4234-bc53-41a0097c41f0 b03d6dc9-449a-4647-b112-559186656759 c1726764-f0ce-4abc-ad9e-6cd143e1b2c7
ISS-usability-library,usability,library,Playlist and Library Navigation,"Customers report difficulty viewing playlists, finding library music, or playing selected songs.",model,112,45f50a2d-4f73-49b3-8c92-02e6950ff041 df3b0a01-8b8a-4fb6-b82d-3b3cafe26f43 ab83e890-9076-4fc9-a069-c32943e9dc53 f01fc053-1f22-413e-b65d-de9f748170b1
ISS-usability-update,usability,update,Usability Problems After Updates,Customers say updates made it harder to navigate songs or use playback controls.,model,95,45c561b9-cc47-4d80-95d3-f0d20bc84af3 9e5f9745-f8be-48d3-b9de-4d118507d94a 334beda6-1fc7-45de-860b-9481f73c475e f1173cf1-9e8a-4fb4-8095-60e18b00f08e
