rank,issue_id,complaint_count,severity_sum,mean_severity,priority_score
1,ISS-billing-paywall,8,24,3.000000,24
2,ISS-playback-general,5,19,3.800000,19
3,ISS-other-general,9,17,1.888889,17
4,ISS-usability-controls,3,10,3.333333,10
5,ISS-other-update,3,8,2.666667,8
6,ISS-usability-library,3,8,2.666667,8
7,ISS-downloads-offline,2,7,3.500000,7
8,ISS-usability-general,3,7,2.333333,7
9,ISS-usability-update,2,7,3.500000,7
10,ISS-catalog-lyrics,2,6,3.000000,6
11,ISS-billing-general,2,5,2.500000,5
12,ISS-catalog-general,2,5,2.500000,5
13,ISS-access-account,1,4,4.000000,4
14,ISS-access-login,1,4,4.000000,4
15,ISS-playback-crashes,1,4,4.000000,4
16,ISS-usability-ads,2,4,2.000000,4
17,ISS-support-general,1,2,2.000000,2
